image_i,image_j,keypoints_i,keypoints_j,raw_matches,filtered_matches,ransac_inliers,inlier_ratio,mean_epipolar_error_all,median_epipolar_error_all,mean_epipolar_error_inliers,median_epipolar_error_inliers,max_epipolar_error_inliers,fundamental_matrix
PXL_20260520_074555573.jpg,PXL_20260520_074556437.jpg,2341,1719,2341,844,766,0.9075829383886256,2.4573952697806156,0.24419005172155853,0.26178126141839125,0.2211750903915018,0.9719916850283081,"[[9.86412469085765e-07, -3.293652572912866e-05, 0.01670865155481973], [3.337672760826711e-05, 2.944311619763701e-07, -0.009541323491364235], [-0.019917949029278723, 0.00892586464400808, 1.0]]"
PXL_20260520_074555573.jpg,PXL_20260520_074557073.jpg,2341,1729,2341,728,582,0.7994505494505495,4.22365514591508,0.3948043172990777,0.3454185980603252,0.29787823624222615,0.9469207612716882,"[[-1.9354512387855867e-07, 7.238960949709095e-06, -0.006869737206909635], [-6.7390360363169166e-06, 6.810869666520896e-07, -0.002791519359994056], [0.007685830968270001, 0.0015451826495250071, 1.0]]"
PXL_20260520_074555573.jpg,PXL_20260520_074557647.jpg,2341,1666,2341,636,513,0.8066037735849056,5.409209473973152,0.37244358862470583,0.3404814732212501,0.2907575492735402,0.9432656923828507,"[[1.1184629405013101e-07, -1.908712309891766e-06, -0.00036121173718781877], [2.281473935070719e-06, 3.2919954270354487e-07, -0.00228343265262324], [-0.0007813231513803325, 0.001570697101833668, 1.0]]"
PXL_20260520_074555573.jpg,PXL_20260520_074558354.jpg,2341,1467,2341,633,499,0.7883096366508688,12.298106983734977,0.4170299054575945,0.3495504837216308,0.33038949535434337,0.9289008951385671,"[[-1.600587225956516e-07, 8.31935531275847e-06, -0.007646695488262315], [-7.351823244172208e-06, 7.511990157039197e-07, -0.0008660634114647973], [0.010047515977439372, -0.0008267653306086474, 1.0]]"
PXL_20260520_074555573.jpg,PXL_20260520_074558999.jpg,2341,1870,2341,620,492,0.7935483870967742,8.535100898548766,0.3785953916104367,0.3293553347903599,0.28907511310337475,0.9936094666504465,"[[-3.862881803395406e-07, 7.776229320739052e-06, -0.0059404744494048565], [-6.741522296310275e-06, 4.842679858497855e-07, -0.0006871604196303161], [0.008978543958186567, -0.000756336088840301, 1.0]]"
PXL_20260520_074555573.jpg,PXL_20260520_074559822.jpg,2341,1880,2341,657,554,0.8432267884322678,3.12100285173121,0.32948440370506127,0.31738324185135064,0.2820732233042916,0.9761237113481115,"[[-2.0840143852618083e-08, 8.23765059688476e-07, -0.0013664773808019597], [-3.3400600698035347e-07, 4.6525461376080517e-07, -0.0011133398942380225], [0.0012050964284520465, 0.00016996903279856417, 1.0]]"
PXL_20260520_074555573.jpg,PXL_20260520_074600504.jpg,2341,1885,2341,640,513,0.8015625,4.111089293900992,0.4382956141287764,0.3779873527774975,0.34538164403954946,0.9802765902753467,"[[1.0787482659414936e-05, -0.00012627924151257757, 0.0909438427025072], [0.00010327959274801687, -5.2455966759400525e-06, -0.011512306886024117], [-0.16031471172688533, 0.03116093577187189, 1.0]]"
PXL_20260520_074555573.jpg,PXL_20260520_074601205.jpg,2341,1817,2341,590,490,0.8305084745762712,11.40918482837289,0.44892980811732647,0.39640696504632206,0.38793295548427564,0.9982882651924854,"[[-8.75491554972626e-06, 5.939445866422076e-05, -0.03196732108445911], [-5.269875776657351e-05, 3.4656847039975437e-06, 0.0002764010326737872], [0.07677995354692224, -0.007626586100279711, 1.0]]"
PXL_20260520_074555573.jpg,PXL_20260520_074602213.jpg,2341,1929,2341,700,550,0.7857142857142857,7.229192443012781,0.45846414559027704,0.37711108943522187,0.32668936083257827,0.9976149592399113,"[[-1.7934429454389116e-07, 2.2765139191332793e-06, -0.0016787791966682436], [-1.8679492663657477e-06, 6.058326383679544e-07, -0.0009472396369122535], [0.0030061311052321173, -0.00024232681201369534, 1.0]]"
PXL_20260520_074555573.jpg,PXL_20260520_074603125.jpg,2341,1594,2341,660,448,0.6787878787878788,6.954978124587322,0.5092526290859085,0.346183529073593,0.30365841041287234,0.9868088081163645,"[[-3.6240157674495813e-07, -2.591947762678522e-06, 0.002091954732282093], [2.312050308538595e-06, -1.0663465709756314e-07, -0.0018648649764663211], [-0.0027570828853071415, 0.0019011396063308512, 1.0]]"
PXL_20260520_074555573.jpg,PXL_20260520_074604117.jpg,2341,1858,2341,528,353,0.6685606060606061,8.165742170169752,0.5579191826092682,0.3753832358098718,0.36082051063918635,0.9153391989051862,"[[4.7613650185381184e-07, 8.296021577484421e-07, -9.029286879919349e-05], [-1.2517800819322852e-06, 1.0947498892970169e-06, -0.0029143859351787294], [0.0015622955356605764, 0.0013748027421213206, 1.0]]"
PXL_20260520_074555573.jpg,PXL_20260520_074605051.jpg,2341,1826,2341,466,320,0.6866952789699571,10.44504452058343,0.4864957415735979,0.34648791968684367,0.3045805967487598,0.933337909303456,"[[-3.6270022679607944e-05, -5.954456924985527e-05, 0.1036501732715112], [4.8957101636438576e-05, -2.1326337566817552e-05, -0.14236578585055157], [0.0010903217944667682, 0.1719938737765813, 0.9999999999999999]]"
PXL_20260520_074555573.jpg,PXL_20260520_074605977.jpg,2341,1912,2341,416,286,0.6875,6.451722019915207,0.500328976670579,0.3521201805303974,0.3264808801119218,0.9227256705026768,"[[1.1207724133600869e-08, 2.810587474628022e-07, -0.00165430660967742], [3.026811609370237e-08, 3.357578815697246e-07, -0.0012762142631547527], [0.0002604786619026513, 0.00130018023952598, 1.0]]"
PXL_20260520_074555573.jpg,PXL_20260520_074607117.jpg,2341,2258,2341,406,269,0.6625615763546798,10.872333952162512,0.4824039983478914,0.3347902901418932,0.3174427339716756,0.9559027344569936,"[[2.012103802893209e-07, -1.8882730932623017e-07, -0.0012011890083669634], [4.1555567644760025e-07, 6.805470282053334e-07, -0.001938232512291149], [-4.26741556072473e-05, 0.0015104952542624825, 1.0]]"
PXL_20260520_074555573.jpg,PXL_20260520_074608557.jpg,2341,2357,2341,497,369,0.7424547283702213,5.1312973220117915,0.5207522832567352,0.3915418429489753,0.358085955258544,0.9957506601756028,"[[1.816307371339846e-07, -2.962480802096989e-06, -0.0025250784101180615], [3.0066509750066044e-06, 1.3667933184267357e-06, -0.006958270926722769], [0.0014236384884469043, 0.006860609315413044, 1.0]]"
PXL_20260520_074555573.jpg,PXL_20260520_074609846.jpg,2341,2803,2341,378,308,0.8148148148148148,9.84344581048752,0.3611780064001294,0.33014178763936414,0.2685179520135665,0.967834019112956,"[[8.745706249589129e-07, 8.298274330923637e-08, 0.0022610244305158586], [1.0425668225669659e-06, -2.116464185982338e-06, 0.009170119172300099], [-0.006296653104927209, -0.006509478546756571, 1.0]]"
PXL_20260520_074555573.jpg,PXL_20260520_074611088.jpg,2341,3063,2341,373,296,0.7935656836461126,9.688032937591036,0.4178816863862361,0.3505203270601201,0.3051058119028518,0.9607047899031772,"[[1.1109501327883725e-06, 1.6125277141118896e-06, -0.0008306129645471383], [-1.3626348084535029e-06, -8.46910100709299e-08, 0.003913811849719504], [-0.002139800493811257, -0.0034981463750991793, 1.0]]"
PXL_20260520_074555573.jpg,PXL_20260520_074612523.jpg,2341,2746,2341,307,214,0.6970684039087948,16.919478323626144,0.5406639772634473,0.36222953687479886,0.30993749724268166,0.9841555716465243,"[[7.364257750802096e-07, -5.624383914593964e-07, -0.003445876579234025], [1.9237931206924204e-06, 1.4586158535890588e-06, -0.0020208551685634915], [0.00040816355148751415, 0.0009087075731244325, 1.0]]"
PXL_20260520_074555573.jpg,PXL_20260520_074613937.jpg,2341,2600,2341,243,163,0.6707818930041153,26.509708230497317,0.5834917312743765,0.3881140079387735,0.35456293964744684,0.9685770554488022,"[[-3.6590585445414674e-07, 1.1993158655687646e-06, -0.0020736597159475008], [-4.5200987407948594e-07, 6.35817841864297e-07, -0.0012948763550157574], [0.0020168180839159424, 0.0003527039477669334, 1.0]]"
PXL_20260520_074556437.jpg,PXL_20260520_074557073.jpg,1719,1729,1719,714,666,0.9327731092436975,1.3371301374355984,0.2467199083562111,0.25318492538379056,0.2139698007230282,0.9109178411208072,"[[-1.3238773666304819e-08, 1.2221281342979448e-06, -0.0033246565548501078], [-9.482945886635328e-07, 5.341367518302398e-07, -0.004995581809417187], [0.003143729490242049, 0.004036345542064625, 0.9999999999999999]]"
PXL_20260520_074556437.jpg,PXL_20260520_074557647.jpg,1719,1666,1719,632,506,0.8006329113924051,3.192402485762953,0.40792024889325196,0.3669366897990502,0.31432427204325863,0.973169272062473,"[[2.3836313480357736e-09, -3.0602893595931642e-06, 4.0914425613915864e-05], [3.449140398823047e-06, 3.464366628325308e-07, -0.002959022514640666], [-0.0012042954374520453, 0.0022419219492980187, 1.0]]"
PXL_20260520_074556437.jpg,PXL_20260520_074558354.jpg,1719,1467,1719,642,567,0.883177570093458,7.6263150488306,0.3163579571067128,0.3233307593854555,0.277880533028915,0.9895444699084386,"[[-8.936183728792274e-10, 2.6062964011903015e-06, -0.004291386472920857], [-1.7714435499359553e-06, 5.210822518793035e-07, -0.0014877829780042694], [0.004315857886393743, 0.00032468041371772034, 1.0]]"
PXL_20260520_074556437.jpg,PXL_20260520_074558999.jpg,1719,1870,1719,645,459,0.7116279069767442,3.4812507218885678,0.5632908705166223,0.4015530874813413,0.3801578619530034,0.9680673199702077,"[[-1.1590773188649565e-07, 4.754266345858832e-06, -0.003797693795342079], [-4.125904445614154e-06, 3.9739679831812464e-07, -0.001127174978678088], [0.005297615624608618, 5.307132477445583e-05, 1.0]]"
PXL_20260520_074556437.jpg,PXL_20260520_074559822.jpg,1719,1880,1719,666,490,0.7357357357357357,4.649788461592311,0.4805990280935661,0.37014244576197786,0.3032095601641275,0.9970940219393911,"[[7.836789036908057e-07, -1.3265901178746841e-05, 0.008949843526390814], [1.2075925819561145e-05, -2.0505329364915298e-07, -0.002260294312331206], [-0.015837439160095692, 0.0031307573693075035, 1.0]]"
PXL_20260520_074556437.jpg,PXL_20260520_074600504.jpg,1719,1885,1719,631,518,0.820919175911252,4.153696334234152,0.47421390721159656,0.41127027278789047,0.37646340099057196,0.9977723426990697,"[[-1.1291780322627837e-07, 2.388988806234083e-06, -0.002200515876439443], [-1.8040297891319243e-06, 5.016558071646963e-07, -0.000979339380125711], [0.0030417924647775612, -0.00012809072644367735, 1.0]]"
PXL_20260520_074556437.jpg,PXL_20260520_074601205.jpg,1719,1817,1719,592,502,0.847972972972973,13.015965581460327,0.3608204977145361,0.35175948030029536,0.2922145888254852,0.9845707911299909,"[[-1.9197060618811013e-06, 1.6887135870013553e-05, -0.011027579215795941], [-1.4545375039974083e-05, 1.0869690669633824e-06, -0.0006640253967689459], [0.021685031676453675, -0.001635870968098055, 1.0]]"
PXL_20260520_074556437.jpg,PXL_20260520_074602213.jpg,1719,1929,1719,682,519,0.7609970674486803,18.792199418451183,0.4023076027184912,0.3252104325320803,0.2758456636721996,0.9947637878293722,"[[-1.2651669671377452e-07, 3.0006274112690834e-06, -0.0010364808919357828], [-3.2800687806151293e-06, 7.242060836814017e-07, -0.0011336443502834737], [0.0036527225602551922, -2.063839675827153e-05, 1.0]]"
PXL_20260520_074556437.jpg,PXL_20260520_074603125.jpg,1719,1594,1719,608,461,0.7582236842105263,3.4103600911773198,0.41504492194663584,0.3268260075674083,0.26271064259115295,0.983174519513824,"[[-3.5583388234779975e-07, -1.5163157233553957e-06, 0.0008724966018729451], [1.4986795658106798e-06, 9.994643215791658e-08, -0.0021230115157192045], [-0.0010146145091848944, 0.0017039064008300352, 1.0]]"
PXL_20260520_074556437.jpg,PXL_20260520_074604117.jpg,1719,1858,1719,520,386,0.7423076923076923,8.596624993333604,0.32828790963934035,0.27683211893282933,0.1924479035144646,0.9975959658473337,"[[-5.560173667022642e-08, -3.403444315494054e-07, 0.0007830923633908926], [-4.991513558802165e-08, 9.587713290797197e-07, -0.004402150425223062], [0.001219215861153101, 0.0029627555881414727, 1.0]]"
PXL_20260520_074556437.jpg,PXL_20260520_074605051.jpg,1719,1826,1719,433,294,0.6789838337182448,13.48830543589055,0.5324431284814454,0.3725527619990767,0.3411353870371753,0.9832442982619973,"[[3.981907006034971e-06, 6.5419383324763685e-06, -0.00965021210131533], [-4.287710800298893e-06, 1.2565247161408834e-06, 0.015272613719628798], [-0.0032752469387854898, -0.017178722993388188, 1.0]]"
PXL_20260520_074556437.jpg,PXL_20260520_074605977.jpg,1719,1912,1719,410,304,0.7414634146341463,4.797316311335123,0.4045618709557399,0.3309134529658917,0.28631300361749956,0.9488666129091717,"[[5.774632696755602e-07, -4.451630657356377e-07, -0.00163829578216447], [6.462667578650938e-07, 8.131339951043475e-07, -0.0018869415938772614], [-0.00037508105514059156, 0.0018625150182640196, 1.0]]"
PXL_20260520_074556437.jpg,PXL_20260520_074607117.jpg,1719,2258,1719,375,276,0.736,3.3846864733326827,0.45638903728019353,0.3457902233211886,0.28493102711931306,0.9811795247918227,"[[-1.5157020577119703e-07, 3.0718906284099426e-07, -0.0017825038456438934], [-1.5009965951816013e-07, 5.619928219176576e-07, -0.002315552989555688], [0.0007150819128343007, 0.0020214114335561487, 1.0]]"
PXL_20260520_074556437.jpg,PXL_20260520_074608557.jpg,1719,2357,1719,452,381,0.8429203539823009,6.493883774992894,0.449363573443735,0.38066007407891633,0.34700231148333194,0.9828569048558675,"[[-2.571954142731325e-06, 3.596428851946233e-06, -0.01050824225325629], [-5.494246811095541e-06, 2.2446864103639793e-06, -0.01396218431711991], [0.011674208657384664, 0.013601717481354874, 1.0]]"
PXL_20260520_074556437.jpg,PXL_20260520_074609846.jpg,1719,2803,1719,352,263,0.7471590909090909,9.03937730158093,0.5201405703539517,0.39506550060400436,0.37250315196043976,0.9928649551974894,"[[7.325908901417963e-07, 1.3037046632065877e-06, -0.00013068923127606535], [-9.183507669211746e-07, 3.982536088937163e-08, 0.003066771471654847], [-0.0019710951658459515, -0.003133813210137744, 1.0]]"
PXL_20260520_074556437.jpg,PXL_20260520_074611088.jpg,1719,3063,1719,337,289,0.857566765578635,8.632993137079898,0.34239040609071747,0.33538392460823846,0.2629477523423321,0.9763751466150855,"[[7.463651795469776e-07, 9.192712046620575e-07, -0.00039567079188257057], [-5.104886121538143e-07, -2.868672127224546e-07, 0.00328429598411301], [-0.002219733920549822, -0.002754017652687414, 1.0]]"
PXL_20260520_074556437.jpg,PXL_20260520_074612523.jpg,1719,2746,1719,284,223,0.7852112676056338,7.756835585056812,0.3967758769180606,0.3498888396282122,0.3041577671460679,0.996461311319282,"[[4.0507848762866445e-07, -4.565206442005046e-07, -0.007054395665403567], [3.1055402221657806e-06, 2.4524101778608883e-06, -0.0037103599694464705], [0.0025163029232963966, 0.002460515737050039, 1.0]]"
PXL_20260520_074556437.jpg,PXL_20260520_074613937.jpg,1719,2600,1719,226,155,0.6858407079646017,11.898382292545886,0.6253705509206019,0.4388129034053922,0.3937410263151117,0.9827678517133699,"[[-2.717436229922072e-07, 7.935597066218863e-07, -0.0018069748185732546], [-1.7474933067120276e-07, 6.653910819630415e-07, -0.0014512247818182543], [0.001585942122412206, 0.00048710957838085254, 1.0]]"
PXL_20260520_074557073.jpg,PXL_20260520_074557647.jpg,1729,1666,1729,813,727,0.8942189421894219,2.651772225485385,0.3066661866916381,0.3160590267236331,0.26448919310215985,0.9788489537821353,"[[-4.2945052023300766e-08, -1.74916684234434e-05, 0.015452018950420249], [1.726024351871782e-05, 1.8398561929007865e-07, -0.008886611481891486], [-0.01731606447386699, 0.008788193374648689, 1.0]]"
PXL_20260520_074557073.jpg,PXL_20260520_074558354.jpg,1729,1467,1729,707,608,0.85997171145686,4.012704762117382,0.286590374009242,0.29372925975681224,0.2399964744832953,0.9969316881845626,"[[7.192505849751584e-08, -9.057921153762157e-07, -0.01663770749130217], [4.5819908910334676e-06, -4.89758775523398e-07, 0.0008653304054688536], [0.01290037865379801, -0.0014563607915222933, 1.0]]"
PXL_20260520_074557073.jpg,PXL_20260520_074558999.jpg,1729,1870,1729,784,688,0.8775510204081632,1.960938745360361,0.37434745643828327,0.36015666805006213,0.31438821759097046,0.9872429849122599,"[[-5.797102840836645e-08, 5.507460596502508e-06, -0.006162149551710743], [-4.562257339913975e-06, 4.3011125422333154e-07, -0.0008826347498573914], [0.006988586041917197, -0.00034395401464439534, 1.0]]"
PXL_20260520_074557073.jpg,PXL_20260520_074559822.jpg,1729,1880,1729,795,647,0.8138364779874214,3.873833271251975,0.3913356525762836,0.3395965009579178,0.3043639679226464,0.9942313074756571,"[[3.272572598489852e-07, -6.5701223832043446e-06, 0.00603024256479886], [5.6652962895195e-06, 3.180086223512193e-07, -0.0025556390046230573], [-0.008286588960580049, 0.002454959638881608, 1.0]]"
PXL_20260520_074557073.jpg,PXL_20260520_074600504.jpg,1729,1885,1729,712,566,0.7949438202247191,2.3375190397313057,0.3811020280801583,0.3316740405473445,0.28123233514025436,0.9962632598888908,"[[9.444444842522492e-07, -1.8325579690327026e-05, 0.015130252691113141], [1.5929121660895703e-05, 7.966708018605666e-08, -0.0038131260743551206], [-0.022738044752686037, 0.0051897897193575945, 1.0]]"
PXL_20260520_074557073.jpg,PXL_20260520_074601205.jpg,1729,1817,1729,634,552,0.8706624605678234,3.871384963577215,0.30462207404327335,0.3035853486596984,0.2593685951986686,0.9967894998887924,"[[8.184312261949469e-06, -8.094228895199491e-05, 0.061294731977355306], [7.001926332706365e-05, -2.209370053909507e-06, -0.004875927457703326], [-0.10284653635116313, 0.011281582456351824, 1.0]]"
PXL_20260520_074557073.jpg,PXL_20260520_074602213.jpg,1729,1929,1729,725,574,0.7917241379310345,3.673304995118752,0.4607202749181624,0.3833296086032232,0.33297177061988537,0.9991726609910603,"[[1.281202606115901e-07, -2.1185133534568554e-06, 0.001890485780451449], [1.7029925880067473e-06, 3.275998332740043e-07, -0.0015806560493739773], [-0.0028163963206647527, 0.0011797369790071354, 1.0]]"
PXL_20260520_074557073.jpg,PXL_20260520_074603125.jpg,1729,1594,1729,626,453,0.7236421725239617,3.12386556274149,0.5125716050357876,0.37905368521488286,0.33723223566662613,0.9863183654410549,"[[9.712185092329912e-08, 4.994758626208046e-07, -0.0005789052364182989], [-5.943456041445583e-07, 6.432486650634418e-07, -0.0026933381901283306], [0.001354988728234426, 0.0015832581750834676, 1.0]]"
PXL_20260520_074557073.jpg,PXL_20260520_074604117.jpg,1729,1858,1729,519,359,0.6917148362235067,4.419916826939771,0.63781823678035,0.44601921804909506,0.4551927725366332,0.9933260970590035,"[[8.670886695433745e-07, 1.1295243692157909e-06, 0.000991794968855233], [-2.05756162088886e-06, 2.4907825502047456e-06, -0.009882742874601351], [0.0035242760831513432, 0.006672732720883574, 1.0]]"
PXL_20260520_074557073.jpg,PXL_20260520_074605051.jpg,1729,1826,1729,430,332,0.772093023255814,10.080823155350286,0.47256703111414544,0.3792057894076981,0.3239006429159616,0.9991182694055485,"[[5.383954092358448e-07, 9.72198462444358e-07, -0.002168421874600965], [-5.008937971200315e-07, 3.351194408562842e-07, 0.0034201333058014338], [-0.0009634177141021869, -0.004284907617658666, 1.0]]"
PXL_20260520_074557073.jpg,PXL_20260520_074605977.jpg,1729,1912,1729,415,298,0.7180722891566265,9.757392270016096,0.4757415156292987,0.3529852868465904,0.31040315769553695,0.9964368798265514,"[[-4.608849308934321e-06, 4.437286496358257e-06, -0.01069618955454244], [-4.56514885393465e-06, -2.819268753058212e-06, -0.0028750938390234926], [0.00851043306058222, 0.009330217655548811, 1.0]]"
PXL_20260520_074557073.jpg,PXL_20260520_074607117.jpg,1729,2258,1729,390,272,0.6974358974358974,9.001154293649105,0.502659305893568,0.3741251165439691,0.3377412057518236,0.9681800360367963,"[[2.481239711026755e-06, -5.188936713657973e-06, -0.0023166073116667276], [5.117917631052033e-06, 2.9006040867242322e-06, -0.009363792583828953], [-0.0026377312959321884, 0.009855601303608307, 1.0]]"
PXL_20260520_074557073.jpg,PXL_20260520_074608557.jpg,1729,2357,1729,401,330,0.8229426433915212,10.627964154550634,0.40733437987517757,0.36663371961832003,0.32690377956955646,0.9922356486003249,"[[2.5784619794908905e-07, 1.755659109450324e-06, 0.0016988617774389028], [-1.1724443528161528e-06, -5.791061941622573e-07, 0.005193325393688006], [-0.0021869858275323133, -0.006059266546572279, 1.0]]"
PXL_20260520_074557073.jpg,PXL_20260520_074609846.jpg,1729,2803,1729,332,231,0.6957831325301205,12.502409311627956,0.4854183406605922,0.3566729478062849,0.310962137888025,0.9831220436599047,"[[-3.651524397984368e-08, -6.737431834843617e-07, 0.00107376287570324], [1.4515697189679048e-06, -7.926644237940618e-07, 0.0031475794530574468], [-0.00233591776112552, -0.0023736229913288087, 1.0]]"
PXL_20260520_074557073.jpg,PXL_20260520_074611088.jpg,1729,3063,1729,350,227,0.6485714285714286,14.089692167631936,0.675575296924233,0.4318072577530305,0.39334536339795795,0.9970417672382843,"[[4.4780251640955276e-07, 5.565986705576488e-07, -0.00025193924396412], [-1.9769417479977207e-07, 1.5681101694398033e-07, 0.0019008772840597736], [-0.0015943986907427155, -0.0019586060763272808, 1.0]]"
PXL_20260520_074557073.jpg,PXL_20260520_074612523.jpg,1729,2746,1729,289,211,0.7301038062283737,11.173052320903748,0.4499770287982128,0.3343188356457618,0.2815031779514049,0.9839218030539972,"[[1.368998494571409e-06, 2.7119057356036456e-06, 0.027631114178654947], [-9.142382185519358e-06, -8.027410539228963e-06, 0.014939100240022363], [-0.015890101699218787, -0.01521422024803994, 1.0]]"
PXL_20260520_074557073.jpg,PXL_20260520_074613937.jpg,1729,2600,1729,228,144,0.631578947368421,11.03926312700469,0.6841109497097673,0.4059401128388583,0.36968526797339996,0.9833812284563402,"[[-5.688410526914076e-07, 1.4964239176237453e-06, -0.0033146924976170658], [-6.903790177858569e-07, 7.435955041277799e-07, -0.002015530858981991], [0.003349631995174625, 0.001082895432974876, 1.0]]"
PXL_20260520_074557647.jpg,PXL_20260520_074558354.jpg,1666,1467,1666,715,633,0.8853146853146853,2.131096996877731,0.3080767548763874,0.3046408451399479,0.2628123940292341,0.9719586698431764,"[[-2.317448649951955e-07, 1.8331496123475992e-05, -0.004608586101434766], [-1.8617585586041637e-05, 7.029029482772497e-07, -0.005614286383838553], [0.007001710880598128, 0.004222471186507903, 1.0]]"
PXL_20260520_074557647.jpg,PXL_20260520_074558999.jpg,1666,1870,1666,763,682,0.8938401048492791,1.9482162051756002,0.24924154693676928,0.2713999360884303,0.20885050933005272,0.9860708002903575,"[[-4.4007959658466145e-07, 8.095671569212702e-06, -0.0042585206676680094], [-7.91496018712927e-06, 3.780887315543871e-07, -0.00237425197272946], [0.0060281689782160815, 0.0012936450392364476, 1.0]]"
PXL_20260520_074557647.jpg,PXL_20260520_074559822.jpg,1666,1880,1666,739,627,0.8484438430311232,1.3721799029662267,0.36820754965725644,0.34597143367910216,0.2908710796599705,0.9843926618453412,"[[1.4008895942183478e-07, -2.5006209541301536e-06, 0.0024352030317106926], [2.2046864160808214e-06, 4.37394089207017e-07, -0.0025975483092347046], [-0.0031392849400529352, 0.0020013139745557913, 1.0]]"
PXL_20260520_074557647.jpg,PXL_20260520_074600504.jpg,1666,1885,1666,690,577,0.836231884057971,1.7016305991315992,0.4307611005622646,0.37226055749768594,0.3392397958361588,0.9874263550296664,"[[5.359617442637382e-07, -8.960644606650056e-06, 0.007065662836502434], [8.20331516983618e-06, 3.546537136704093e-07, -0.0029248110809182853], [-0.010309806231077641, 0.0028669735540691366, 1.0]]"
PXL_20260520_074557647.jpg,PXL_20260520_074601205.jpg,1666,1817,1666,577,443,0.7677642980935875,4.169257566432145,0.39904154547373927,0.3348634809033892,0.2707890152573835,0.9917895554047423,"[[1.2009778500495194e-06, -1.0859328058797962e-05, 0.007693467101153941], [9.907030883560063e-06, 2.5580560011378907e-07, -0.0017637853936743736], [-0.012727079944054682, 0.0014147752860194551, 0.9999999999999999]]"
PXL_20260520_074557647.jpg,PXL_20260520_074602213.jpg,1666,1929,1666,694,556,0.8011527377521613,2.0391488826134583,0.5306755545800633,0.42529214180646446,0.3863230098694848,0.9950248410013967,"[[1.3468068802735757e-07, -3.1380193471406586e-06, 0.0019485760228338963], [3.0053925533822817e-06, 2.3758763609455005e-07, -0.0018447077236160088], [-0.003474300654799491, 0.0014808880330552901, 1.0]]"
PXL_20260520_074557647.jpg,PXL_20260520_074603125.jpg,1666,1594,1666,590,494,0.8372881355932204,4.611742954411719,0.3371603218941798,0.3395163556735812,0.2630150997561863,0.98582454590024,"[[-1.3363697605316254e-06, -5.680738221590999e-06, 0.004549501828480721], [5.488762466518068e-06, -5.36874529604977e-07, -0.007170048520896415], [-0.003442024363330354, 0.007583657649003089, 1.0]]"
PXL_20260520_074557647.jpg,PXL_20260520_074604117.jpg,1666,1858,1666,467,367,0.7858672376873662,4.130728646078446,0.3988442709930485,0.3412074804578332,0.31390628483260585,0.9834407692767211,"[[5.8627103402864853e-08, 3.557181943454699e-07, -0.0013827406189921253], [3.642183944958747e-07, -4.74125609502497e-07, 0.009161347467378957], [-0.003390996421823683, -0.00863344066788572, 1.0]]"
PXL_20260520_074557647.jpg,PXL_20260520_074605051.jpg,1666,1826,1666,391,311,0.7953964194373402,8.848946401301403,0.455728741630839,0.38163142085524204,0.30387269037895737,0.9947123524311463,"[[-3.247042578958021e-06, -3.452029401024134e-06, 0.001060213007248775], [5.0809044877547925e-06, -3.008721962075093e-06, 0.009819765946249835], [-0.006506816793392063, -0.006093622501890814, 1.0]]"
PXL_20260520_074557647.jpg,PXL_20260520_074605977.jpg,1666,1912,1666,385,320,0.8311688311688312,4.320640305732503,0.31701470194505404,0.29436231712148697,0.24860416963464674,0.978422998198894,"[[2.938426184822432e-05, -2.670565241859435e-06, 0.2922085861145846], [1.4237681488706407e-05, -1.097068880458005e-05, 0.17967133320547615], [-0.13811159867412523, -0.336655471938404, 1.0]]"
PXL_20260520_074557647.jpg,PXL_20260520_074607117.jpg,1666,2258,1666,342,263,0.7690058479532164,8.572869238942348,0.34270560225783175,0.2847313467126005,0.22148434763706587,0.9952772579622963,"[[-6.378086994035361e-06, 9.985509899918124e-06, -0.014916653500677005], [-1.0779588053213003e-05, -3.1787938160119664e-06, -0.0033271641097719564], [0.014557931274771707, 0.007494517291849485, 1.0]]"
PXL_20260520_074557647.jpg,PXL_20260520_074608557.jpg,1666,2357,1666,359,280,0.7799442896935933,5.88079236806378,0.4969542821514206,0.3993340873771614,0.3625204349793144,0.9914837902841495,"[[-6.599856685333813e-06, 2.3495587756373358e-05, -0.025848953667447275], [-2.6965234619085892e-05, -2.25903223591509e-06, -0.0008583514992033379], [0.02515754137377168, 0.0019207565585489799, 1.0]]"
PXL_20260520_074557647.jpg,PXL_20260520_074609846.jpg,1666,2803,1666,304,227,0.7467105263157895,20.94684118185951,0.4547694645580661,0.3709107252003429,0.32756592089307357,0.9885742357010713,"[[-4.2633976121635887e-07, -3.06857098272834e-06, 0.004729962390968562], [4.630923135897238e-06, -1.5151837658644858e-06, 0.004767915749285445], [-0.005784655470271809, -0.0024244021979393073, 1.0]]"
PXL_20260520_074557647.jpg,PXL_20260520_074611088.jpg,1666,3063,1666,323,263,0.8142414860681114,8.979111428909468,0.4648055513462092,0.39375643703004587,0.3624817771004276,0.991343804634564,"[[3.8262958663853617e-07, 5.072248357195838e-07, -0.0003369016915245193], [-2.6594388667368546e-07, 1.4581763547224407e-07, 0.0014242823252665206], [-0.0011652059038505017, -0.0015554982275179053, 1.0]]"
PXL_20260520_074557647.jpg,PXL_20260520_074612523.jpg,1666,2746,1666,269,175,0.6505576208178439,16.84863605020675,0.634704210092442,0.3778883191739312,0.33792233638811514,0.979332995756277,"[[6.064459359893233e-07, -2.1956086554551908e-07, 0.0022651050891480656], [-8.059147238660381e-08, -1.2634551368181795e-07, 0.0003625708166176866], [-0.0022077884935450963, -0.0013676996793333947, 1.0]]"
PXL_20260520_074557647.jpg,PXL_20260520_074613937.jpg,1666,2600,1666,205,138,0.6731707317073171,18.605886415365394,0.5633949624047664,0.394864564276861,0.3980651471677929,0.9965402497936281,"[[-1.6545750517682363e-06, 3.997771197041343e-06, -0.008727651137178613], [-2.525070279684788e-06, 1.1791113425188682e-06, -0.00406000312111083], [0.00936217248081104, 0.0030983903217082095, 1.0]]"
PXL_20260520_074558354.jpg,PXL_20260520_074558999.jpg,1467,1870,1467,708,639,0.902542372881356,1.712134654860325,0.3180236839735486,0.3332827542852652,0.2789326716775448,0.989504889270355,"[[-1.6420587443884734e-05, 0.0003220522786608165, -0.19337792085499084], [-0.0003188993824429685, -3.8090009012817647e-06, 0.022630239705421447], [0.2369046538060957, -0.026674144912647715, 1.0]]"
PXL_20260520_074558354.jpg,PXL_20260520_074559822.jpg,1467,1880,1467,749,661,0.8825100133511349,2.535146010293636,0.2534410760905066,0.27037747984077576,0.21783079887687368,0.998097031494316,"[[-5.9416260436616835e-08, 1.2645146955956526e-06, -0.0011303756030073009], [-1.2671140740585638e-06, 5.070869736384938e-07, -0.0030532424764668628], [0.001317024016495107, 0.002204637558412001, 1.0]]"
PXL_20260520_074558354.jpg,PXL_20260520_074600504.jpg,1467,1885,1467,711,618,0.869198312236287,1.6042942853421849,0.32283969804524204,0.32340511468549443,0.26122546139847647,0.9965854520739544,"[[1.9576383950439836e-06, -3.560526751180806e-05, 0.028146566817756825], [3.3887685153206186e-05, -7.62580045923868e-08, -0.006206922689828883], [-0.03831130080522991, 0.007601212422917185, 1.0]]"
PXL_20260520_074558354.jpg,PXL_20260520_074601205.jpg,1467,1817,1467,624,501,0.8028846153846154,2.8381077825478185,0.3476534158492741,0.32244648362998507,0.25979623185102657,0.9943712255134556,"[[-2.432194918975656e-07, 3.017665756213273e-06, -0.00028672881340210737], [-3.3933899682220294e-06, 4.3897376247418324e-07, -0.0020192482483249578], [0.0018125456111335897, 0.0014176390400914465, 1.0]]"
PXL_20260520_074558354.jpg,PXL_20260520_074602213.jpg,1467,1929,1467,660,519,0.7863636363636364,2.549113622373224,0.5429225594999527,0.4276185702723307,0.4058884446070702,0.9939535905465506,"[[1.0356883180504759e-07, -3.925258050433816e-06, 0.0026524898542043948], [3.807880025113529e-06, 1.9225411509902052e-07, -0.002264219280094081], [-0.00413071379132814, 0.0019002693232990093, 1.0]]"
PXL_20260520_074558354.jpg,PXL_20260520_074603125.jpg,1467,1594,1467,562,465,0.8274021352313167,2.0868004859930043,0.3593666292601029,0.34071481448183444,0.2798842806343112,0.9859757249524963,"[[-4.915411487326724e-06, -1.74542492138029e-05, 0.012489410566934733], [1.58259416922994e-05, -1.4304535154098644e-06, -0.02957279724888835], [-0.003429431341593123, 0.029605191721890814, 1.0]]"
PXL_20260520_074558354.jpg,PXL_20260520_074604117.jpg,1467,1858,1467,426,337,0.7910798122065728,4.1383140137342584,0.44807369889460713,0.3632998072246526,0.3188223648038317,0.9790764293166472,"[[1.7214953178880425e-06, 3.3662549174958058e-06, -0.0036569146870621657], [-3.878703511581414e-06, 1.7549459981384176e-06, -0.0022610784526505274], [0.0036177151669145096, -0.0006505369508188172, 1.0]]"
PXL_20260520_074558354.jpg,PXL_20260520_074605051.jpg,1467,1826,1467,385,322,0.8363636363636363,6.816036732421384,0.4118492312195387,0.3741040527453862,0.34664684891120046,0.9891003818004053,"[[-1.3995708661312345e-06, -1.4575832193853827e-06, 0.00047381156141314994], [2.1682116809101986e-06, -1.0336357189293215e-06, 0.003960990236166133], [-0.0025969797986801213, -0.002789330705646552, 1.0]]"
PXL_20260520_074558354.jpg,PXL_20260520_074605977.jpg,1467,1912,1467,349,271,0.7765042979942693,6.130125667137245,0.4669751204154011,0.36010890578943916,0.3175615160248098,0.963281267393445,"[[1.181509565214053e-06, -4.0610671683035474e-07, 0.0035378863498140897], [9.921880793344576e-07, 6.733380628069145e-07, 0.0011635497043048786], [-0.00271919638251991, -0.004196214451781504, 1.0]]"
PXL_20260520_074558354.jpg,PXL_20260520_074607117.jpg,1467,2258,1467,304,222,0.7302631578947368,8.509189855454892,0.5496277533684788,0.40405517815663006,0.41535805186629243,0.9859505874597672,"[[-3.775592937075174e-07, 1.7562974428292095e-06, 0.0014886547585593135], [-1.2110861806128453e-06, -6.332988225878992e-07, 0.0038504106699511686], [-0.0005336551181446364, -0.005000416732418325, 0.9999999999999999]]"
PXL_20260520_074558354.jpg,PXL_20260520_074608557.jpg,1467,2357,1467,362,256,0.7071823204419889,13.568180798121768,0.5722439394434364,0.4158153003252695,0.3739492115496655,0.9969828580086025,"[[2.1859495461158362e-07, 5.092015884131914e-07, 0.0004890858962332001], [-3.75773517634942e-09, 1.660104849745612e-07, 0.0011820876202776275], [-0.0010893584855360574, -0.002032985179927369, 1.0]]"
PXL_20260520_074558354.jpg,PXL_20260520_074609846.jpg,1467,2803,1467,298,241,0.8087248322147651,3.5455306299326583,0.4129263801833999,0.34657752464703534,0.2927247949493207,0.9913777674329384,"[[-1.6861817636299675e-07, -1.3030542554560695e-06, 0.0022080887161899463], [2.2948163387054054e-06, -4.783866769116583e-07, 0.0022438801876154026], [-0.00284739644211269, -0.0015404722940788932, 1.0]]"
PXL_20260520_074558354.jpg,PXL_20260520_074611088.jpg,1467,3063,1467,286,224,0.7832167832167832,16.405054180417274,0.4235333269296265,0.35679020638220166,0.34860274711788475,0.9835405071761659,"[[2.987870286930965e-07, 3.626961653013205e-07, -0.00022897864680965614], [-8.843597475822178e-08, 1.6632599884089013e-07, 0.0011464966962761866], [-0.001103315436515307, -0.001300121439311877, 1.0]]"
PXL_20260520_074558354.jpg,PXL_20260520_074612523.jpg,1467,2746,1467,249,183,0.7349397590361446,16.302947691230955,0.4921853967393913,0.3666445928901592,0.3063260911999961,0.9969727216185391,"[[-4.494039885677671e-08, 1.7847300893164242e-06, 0.0030698285773082127], [-1.9495789324759226e-06, -1.2722076005975749e-06, 0.002577275048324988], [-0.002104997917960783, -0.0024478890596937694, 1.0]]"
PXL_20260520_074558354.jpg,PXL_20260520_074613937.jpg,1467,2600,1467,198,124,0.6262626262626263,19.82100695762875,0.6788126406706512,0.36215557962765643,0.287344126676366,0.997255014495714,"[[-3.950745777737545e-06, 7.6275846774414946e-06, -0.01936100954575499], [-4.994848903674683e-06, 2.729785091439515e-06, -0.009867230330675538], [0.020695367045974116, 0.007562146446373751, 0.9999999999999999]]"
PXL_20260520_074558999.jpg,PXL_20260520_074559822.jpg,1870,1880,1870,831,746,0.8977135980746089,2.5236031574317197,0.2185049655648986,0.24636239701741988,0.1941219010747161,0.9712392559104754,"[[-1.5954902794229107e-09, 2.6812045531962366e-05, -0.021937049024969405], [-2.7334787250875776e-05, 1.6170222426684089e-06, -0.004396872201062588], [0.02542322526932257, 0.002272027109983027, 1.0]]"
PXL_20260520_074558999.jpg,PXL_20260520_074600504.jpg,1870,1885,1870,794,693,0.8727959697732998,2.75686376735657,0.3116641770819247,0.3242733579435243,0.2681721379450494,0.9946428973651612,"[[9.689786544413451e-08, -6.213600702497796e-06, 0.00597681776903716], [5.8459600472443445e-06, 2.936955177019492e-07, -0.005057772574521242], [-0.00688082504261967, 0.004736402161030121, 1.0]]"
PXL_20260520_074558999.jpg,PXL_20260520_074601205.jpg,1870,1817,1870,682,566,0.8299120234604106,1.9835766206033334,0.36031849204668975,0.32876591542311845,0.2914933818891631,0.9992046135338197,"[[8.935588988853796e-07, -1.4466954888272903e-05, 0.012616491528009964], [1.4025572463862693e-05, -1.3550771260948696e-07, -0.001685919856088803], [-0.0166974837300196, 0.0013056935515561392, 1.0]]"
PXL_20260520_074558999.jpg,PXL_20260520_074602213.jpg,1870,1929,1870,770,642,0.8337662337662337,3.03975697722392,0.4148019362639889,0.3672410865276872,0.31421602816616095,0.9887726109906618,"[[-1.8570669737383013e-07, -6.780879819192207e-06, 0.005108950363683092], [6.614433274697128e-06, -8.98942390370895e-08, -0.0037696918404238255], [-0.006576050309684975, 0.0038149632853816673, 1.0]]"
PXL_20260520_074558999.jpg,PXL_20260520_074603125.jpg,1870,1594,1870,573,474,0.8272251308900523,6.754252907589574,0.39080968795563337,0.3543657524358489,0.29636687270965656,0.9992768299753859,"[[5.954116116212344e-07, 1.7663648697614768e-06, -0.0014089673517819104], [-9.553486215169206e-07, 2.7287106108470453e-07, 0.007553304479866378], [-0.001916678847105774, -0.007761649750610709, 0.9999999999999999]]"
PXL_20260520_074558999.jpg,PXL_20260520_074604117.jpg,1870,1858,1870,460,335,0.7282608695652174,6.910212179173565,0.45045556122484703,0.3579921814478767,0.27469903706365556,0.9965422022433973,"[[4.836034531833473e-06, 8.294411809310699e-06, -0.010248094790141903], [-1.079542730278351e-05, 4.337764395486196e-06, -0.009761701691670352], [0.012187187815513006, 0.0021191056314360033, 1.0]]"
PXL_20260520_074558999.jpg,PXL_20260520_074605051.jpg,1870,1826,1870,373,283,0.7587131367292225,7.493340154359701,0.5000969501960864,0.3821996265764902,0.32241390659973695,0.9853755165708274,"[[-6.397319463740392e-07, -6.018968255717107e-07, 0.00022359744412575946], [1.1012896331617697e-06, -2.178314964659207e-07, 0.0020198122292029905], [-0.001686811203972943, -0.0018010753511036425, 1.0]]"
PXL_20260520_074558999.jpg,PXL_20260520_074605977.jpg,1870,1912,1870,391,273,0.6982097186700768,7.333683236245063,0.6501198171898084,0.43731164785547305,0.4236281268817514,0.9846552499919146,"[[1.1249715068554497e-06, -5.446636427367785e-07, 0.002055051402089396], [1.0619980887433174e-06, 7.406142986873148e-07, -6.414480681237312e-05], [-0.0022383861226858886, -0.002102447195771172, 1.0]]"
PXL_20260520_074558999.jpg,PXL_20260520_074607117.jpg,1870,2258,1870,344,238,0.6918604651162791,9.892228763107173,0.6592218734042463,0.448056674688127,0.4449590330303892,0.991146759156237,"[[2.3575733518568264e-06, -2.968164956663673e-06, 0.005307440672662994], [4.0793768301348835e-06, 1.42253604531086e-06, 8.825365992151892e-05], [-0.005694159201436632, -0.002795535917635478, 1.0]]"
PXL_20260520_074558999.jpg,PXL_20260520_074608557.jpg,1870,2357,1870,358,236,0.659217877094972,20.282039575957747,0.5554166434824985,0.3461907578093311,0.28712748821475353,0.9624507905229603,"[[3.159095711184923e-07, -1.2475432823517624e-07, 0.0009075100885959263], [6.728507236685579e-07, 1.8350883653225083e-07, 0.0008976585466907499], [-0.00137384508570443, -0.0016039650788241156, 1.0]]"
PXL_20260520_074558999.jpg,PXL_20260520_074609846.jpg,1870,2803,1870,296,198,0.668918918918919,16.01341257301765,0.6675077407501049,0.45495177979086365,0.4303743467562607,0.9956418800616861,"[[1.150969525993072e-07, 5.067279967653108e-08, 0.00021180671711211043], [4.04672029147018e-07, 1.5414785127406153e-07, 0.0008503323582990258], [-0.0010571695017331964, -0.001135007853765398, 1.0]]"
PXL_20260520_074558999.jpg,PXL_20260520_074611088.jpg,1870,3063,1870,338,245,0.7248520710059172,20.28981083566455,0.46971267566729474,0.37119485572925903,0.3194754691539889,0.9999335865819673,"[[1.5350387533373976e-07, 1.5843985241369836e-07, -9.487411247040182e-05], [1.6971659264333247e-07, 1.0632393763760873e-07, 0.000998683420922591], [-0.0010245581072086472, -0.0010803848821791678, 1.0]]"
PXL_20260520_074558999.jpg,PXL_20260520_074612523.jpg,1870,2746,1870,280,195,0.6964285714285714,33.13343951355595,0.48130826074028227,0.33197229651642757,0.295927026066124,0.881004631154386,"[[5.612750638284163e-07, -5.3190850712993505e-08, 0.0013947625146048786], [7.434920491452057e-08, -3.011299870322897e-08, 0.0002834905434315125], [-0.0016621718854638225, -0.0010411112187026774, 1.0]]"
PXL_20260520_074558999.jpg,PXL_20260520_074613937.jpg,1870,2600,1870,240,150,0.625,15.439905224240182,0.7082008514217559,0.42007606997733743,0.3985782085088829,0.9971023630274061,"[[7.0590730086913324e-06, -5.835636241090667e-06, 0.03284699194382995], [4.3625887306637765e-06, -4.727049081200894e-06, 0.024119336911934013], [-0.037367914990316366, -0.02041391827513291, 1.0]]"
PXL_20260520_074559822.jpg,PXL_20260520_074600504.jpg,1880,1885,1880,854,768,0.8992974238875878,1.9232722478509794,0.25714824660511576,0.29015866301611104,0.22470020511728556,0.9888914751074194,"[[1.3093189466268002e-07, -1.545963178487784e-05, 0.0170819351597654], [1.5204663702266925e-05, 4.464489623096303e-07, -0.012820595129399244], [-0.018198198971309518, 0.012367894069983863, 1.0]]"
PXL_20260520_074559822.jpg,PXL_20260520_074601205.jpg,1880,1817,1880,742,626,0.8436657681940701,1.4443972811178656,0.33285445658830054,0.3209309782259721,0.2721182572382128,0.995288017811185,"[[4.259801389774375e-07, -7.940263256663795e-06, 0.006758753031397079], [7.743972518663065e-06, 3.354525651570326e-07, -0.0033050061826374994], [-0.008222238246477739, 0.0025210341548415264, 0.9999999999999999]]"
PXL_20260520_074559822.jpg,PXL_20260520_074602213.jpg,1880,1929,1880,852,734,0.8615023474178404,2.7589265933325473,0.345542548061777,0.33900387390551023,0.2921542799908985,0.9998857059033874,"[[-4.320377885683048e-06, -5.979974757150343e-05, -0.031076994060666923], [6.51470687827873e-05, -2.972239872881058e-06, -0.0018687517006245949], [0.01955006219398059, 0.0021093415256828022, 1.0]]"
PXL_20260520_074559822.jpg,PXL_20260520_074603125.jpg,1880,1594,1880,635,524,0.8251968503937008,5.956091540781266,0.326635735067077,0.3005775903806859,0.2543762789501647,0.9593036116189491,"[[1.2153104517517574e-05, 4.177038776058332e-05, -0.05995474459767652], [-4.903757919301248e-05, 1.0654179758329215e-05, -0.042969086600218746], [0.06813978516632006, 0.022123327191299693, 0.9999999999999999]]"
PXL_20260520_074559822.jpg,PXL_20260520_074604117.jpg,1880,1858,1880,500,360,0.72,5.037614009889614,0.5320515554839071,0.3802915939762825,0.334866582969615,0.9995256213628306,"[[-9.346621781828585e-07, -1.5686103871235406e-06, 0.002028915120400988], [2.069269655659316e-06, -2.28571134035291e-07, 0.003208293468771405], [-0.003217302121607838, -0.0025230862109630933, 0.9999999999999999]]"
PXL_20260520_074559822.jpg,PXL_20260520_074605051.jpg,1880,1826,1880,421,324,0.7695961995249406,8.91465914217794,0.4277077378508132,0.36368448715429796,0.3243440589857231,0.962709850014056,"[[-2.2066532707281668e-08, -4.6116806982738266e-08, -0.00031101705204222976], [1.456390508170474e-07, 3.07423113832951e-07, 0.0007856619614362232], [-0.0006413118408824553, -0.001364460369760757, 0.9999999999999999]]"
PXL_20260520_074559822.jpg,PXL_20260520_074605977.jpg,1880,1912,1880,420,300,0.7142857142857143,8.224928727061437,0.5299369692533169,0.3910474601052303,0.3526831392323633,0.9506511381553219,"[[3.085841685637355e-07, 2.699738562216779e-07, 0.0011935041104923633], [2.1414346867402977e-07, 2.543804375947329e-07, 0.00047871655201075635], [-0.001098016996895344, -0.0019668524448190096, 1.0]]"
PXL_20260520_074559822.jpg,PXL_20260520_074607117.jpg,1880,2258,1880,390,278,0.7128205128205128,17.941800119658524,0.4708519901637689,0.347371783977809,0.29670503834592216,0.9798949246630181,"[[3.1256012891418e-07, 1.3744890136047415e-07, 0.0012225279222420652], [3.6649576723353837e-07, 2.9159392932487614e-07, 0.0009244431492523937], [-0.001281387956307974, -0.0021038621024053595, 1.0]]"
PXL_20260520_074559822.jpg,PXL_20260520_074608557.jpg,1880,2357,1880,394,300,0.7614213197969543,11.156122748731205,0.4438545785689615,0.35510777415401307,0.29204203734542056,0.9763730133540489,"[[6.104804178654803e-07, -1.4606209239319398e-06, 0.0028260860410087014], [2.4081731450362047e-06, 5.218604793907379e-07, 0.00029805198655813306], [-0.0028775482324072624, -0.0014089604959109487, 1.0]]"
PXL_20260520_074559822.jpg,PXL_20260520_074609846.jpg,1880,2803,1880,305,216,0.7081967213114754,24.479104747921443,0.5180626145695785,0.39333779663200863,0.34158363053036617,0.9495583630905088,"[[6.938761583084206e-08, -2.8878191927626296e-08, 0.0003964203350361478], [4.5970092495255704e-07, 1.7410913530370658e-07, 0.0008199822542277243], [-0.0011482069231049657, -0.0010515162870742417, 1.0]]"
PXL_20260520_074559822.jpg,PXL_20260520_074611088.jpg,1880,3063,1880,334,264,0.7904191616766467,7.579949113528901,0.4370226743272758,0.36617584249092056,0.28945583879249104,0.9895767423838661,"[[-7.968408950586578e-09, -8.020680974240064e-08, 0.00036332425389070793], [4.848954423032239e-07, 4.412225647947225e-08, 0.0012123024851963336], [-0.0013575829959665078, -0.001034834181313424, 0.9999999999999999]]"
PXL_20260520_074559822.jpg,PXL_20260520_074612523.jpg,1880,2746,1880,290,197,0.6793103448275862,19.552338753116313,0.4803610486766042,0.3443851810303962,0.300440162609565,0.9727347142729795,"[[5.339380144957635e-07, -2.6357923691360446e-07, 0.0011750399372651812], [3.47277198837908e-07, 1.4985336049956205e-07, -0.0001546220814330013], [-0.0015179334433042294, -0.0007683435111452657, 0.9999999999999999]]"
PXL_20260520_074559822.jpg,PXL_20260520_074613937.jpg,1880,2600,1880,246,172,0.6991869918699187,10.778372126806897,0.5792255527396382,0.39380822936914767,0.35934664990954746,0.9985697964514234,"[[1.0202724741042042e-06, -1.236846223913709e-06, 0.0057570991760855905], [1.319257095617478e-06, -3.021451220266374e-07, 0.0031250253374482465], [-0.006592383609257633, -0.003480335812095144, 1.0]]"
PXL_20260520_074600504.jpg,PXL_20260520_074601205.jpg,1885,1817,1885,793,748,0.9432534678436317,1.6144191160861052,0.2252046293419277,0.2692677276736581,0.21347942691550298,0.9753188999745989,"[[6.184789231726091e-07, -1.8498215787708264e-05, 0.013330736309919084], [1.8780427175985424e-05, 2.6226487347372484e-07, -0.0003195758988618715], [-0.015419370295569142, -0.0012385431545164146, 1.0]]"
PXL_20260520_074600504.jpg,PXL_20260520_074602213.jpg,1885,1929,1885,844,705,0.8353080568720379,3.443357312078129,0.3781384212184971,0.3455291576144337,0.29123915772796427,0.99932492992394,"[[-6.605829991771794e-07, -2.9163626941112406e-05, 0.030832120748210443], [2.9102179290844517e-05, -1.0651255169152898e-06, -0.016330599380363957], [-0.03245801478406717, 0.017681935638550732, 1.0]]"
PXL_20260520_074600504.jpg,PXL_20260520_074603125.jpg,1885,1594,1885,610,477,0.7819672131147541,4.999305122286372,0.4556100676099867,0.37773400387190303,0.3558713024496781,0.9463793969993394,"[[2.2843378249028337e-07, 6.983784743351758e-07, -0.0008557367882317901], [-5.842455698895888e-07, 3.7719817249670457e-07, 0.002381133735412875], [-0.00031293903431864063, -0.0028932361848956075, 1.0]]"
PXL_20260520_074600504.jpg,PXL_20260520_074604117.jpg,1885,1858,1885,472,354,0.75,7.584944826588115,0.43336276684975306,0.3370817749060269,0.27672589724282814,0.9207548902671053,"[[-9.708070639976739e-08, -1.5868928101916509e-07, 1.0952331484389304e-05], [3.095677289896445e-07, 2.3385084411724332e-07, 0.0011664927130347758], [-0.0008319180515612924, -0.0015651438472980587, 1.0]]"
PXL_20260520_074600504.jpg,PXL_20260520_074605051.jpg,1885,1826,1885,385,277,0.7194805194805195,9.518110270682623,0.5211187613135181,0.3736353322670548,0.31813121120487303,0.968763684665992,"[[-4.214048642013754e-06, -4.356641555360639e-06, 0.004896709219795498], [5.461586074850538e-06, -2.369994824414152e-06, 0.006166765041994776], [-0.004945710571259099, -0.002072012444849182, 1.0]]"
PXL_20260520_074600504.jpg,PXL_20260520_074605977.jpg,1885,1912,1885,379,272,0.7176781002638523,8.991018743799449,0.5221900411509572,0.3621865889352237,0.3260267468033218,0.975755346052028,"[[-4.786962548896459e-07, 1.074195425655082e-06, 0.00013326449234888236], [-6.582250776550688e-07, -2.8094467411436563e-07, 0.001392721715095987], [0.00020256716262607308, -0.0019900514035683047, 1.0]]"
PXL_20260520_074600504.jpg,PXL_20260520_074607117.jpg,1885,2258,1885,358,246,0.6871508379888268,12.449385949524066,0.4956425922430384,0.35930116797888634,0.3007729237614315,0.9861867788197562,"[[8.756715868857652e-07, -8.306084948903507e-07, 0.002087550070730934], [1.5621047201413452e-06, 7.574071561241375e-07, -0.00010069412267793157], [-0.0022595324464484688, -0.0015957377646709779, 1.0]]"
PXL_20260520_074600504.jpg,PXL_20260520_074608557.jpg,1885,2357,1885,390,276,0.7076923076923077,9.16545864791721,0.6109243803834319,0.42133317620513555,0.4061867605799415,0.9666143588387343,"[[1.0518667008837645e-07, 4.605372481173197e-07, -4.3298538491592264e-05], [-1.4441989624981396e-07, 1.953633664550332e-07, 0.0006007889981991706], [-0.0005486507392877354, -0.0012185149775729381, 1.0]]"
PXL_20260520_074600504.jpg,PXL_20260520_074609846.jpg,1885,2803,1885,304,205,0.6743421052631579,16.202090762976997,0.6069584926666044,0.41030506959098284,0.38376773119135327,0.9741247409635444,"[[1.9883107052130206e-07, 3.529650858842946e-07, -0.00029974658483429876], [-1.2414535328344567e-07, 3.3328151295548107e-07, 0.000376120357483815], [-0.0006217704467927422, -0.0009201938308948811, 1.0]]"
PXL_20260520_074600504.jpg,PXL_20260520_074611088.jpg,1885,3063,1885,320,222,0.69375,20.417789681226026,0.530991053095353,0.374186686692243,0.32054514842876564,0.9985663472719561,"[[-3.772207996305137e-06, -5.229921428127103e-06, 0.009218656774171233], [8.482063242985665e-06, -3.313616030871639e-06, 0.008361050905547415], [-0.007291062718132509, -0.0013939343506090662, 1.0]]"
PXL_20260520_074600504.jpg,PXL_20260520_074612523.jpg,1885,2746,1885,286,187,0.6538461538461539,32.811484002259526,0.5431516382952698,0.3392128656434695,0.30043964440151355,0.9969469627831291,"[[4.121992858968781e-07, -4.167151871124164e-08, 0.0012366436252401161], [1.1875169245315542e-07, 1.8177897500089204e-08, 0.00020071225898296599], [-0.0014348011778364184, -0.0008842139590851714, 1.0]]"
PXL_20260520_074600504.jpg,PXL_20260520_074613937.jpg,1885,2600,1885,250,163,0.652,19.084637403604496,0.7181486096162952,0.4420242135625198,0.432881603639927,0.9985565410192917,"[[7.47480587409829e-07, -1.3372894864511351e-06, 0.0036670732531606165], [1.604061309127072e-06, -1.026781011360093e-08, 0.0011011518810532454], [-0.004420070507217207, -0.001676142096365273, 1.0]]"
PXL_20260520_074601205.jpg,PXL_20260520_074602213.jpg,1817,1929,1817,827,715,0.8645707376058042,1.5994747288196212,0.41379111774547694,0.38234107398794037,0.35946314436426724,0.9849751483999656,"[[4.941628752696268e-07, 7.429427941878353e-06, -0.010206214669420776], [-7.561659613780254e-06, 5.630848480357582e-07, 0.0028045271822728386], [0.00983294393257469, -0.0041937731447444235, 1.0]]"
PXL_20260520_074601205.jpg,PXL_20260520_074603125.jpg,1817,1594,1817,551,366,0.6642468239564429,7.211888713247,0.5124253571998783,0.3385489754991974,0.29916200489882394,0.9421715825038275,"[[2.3450775362716993e-07, 6.13481390080517e-07, -0.0008863101332921822], [-6.532899460683295e-07, 5.233145242638634e-07, 0.0008685179170443267], [0.00015762752633751326, -0.001813273826432424, 1.0]]"
PXL_20260520_074601205.jpg,PXL_20260520_074604117.jpg,1817,1858,1817,404,302,0.7475247524752475,4.853841471687358,0.48932732653664374,0.3880236871963838,0.34811443771534945,0.9189711533817875,"[[-1.2526377851724888e-06, -1.8550933812344543e-06, 0.002344572001447445], [2.2949995636506893e-06, -2.5449385350443337e-07, 0.002620259670143935], [-0.0026834194291478876, -0.0018490904798902942, 1.0]]"
PXL_20260520_074601205.jpg,PXL_20260520_074605051.jpg,1817,1826,1817,352,233,0.6619318181818182,11.432108683150144,0.5119202183951379,0.352642980555779,0.3115757648411521,0.9839105399588993,"[[-2.5046638241380774e-06, -2.53456941788779e-06, 0.0027894482391935095], [2.9634484662360466e-06, -9.3908133483789e-07, 0.0034896822391703723], [-0.002725037375295873, -0.0015774443986344892, 1.0]]"
PXL_20260520_074601205.jpg,PXL_20260520_074605977.jpg,1817,1912,1817,331,246,0.743202416918429,2.9207238135165263,0.4514440743355398,0.33514930878515026,0.2909114719684167,0.9779405095681705,"[[4.494149703075242e-07, -6.740804853259755e-08, 0.001120628611595777], [5.161603676456167e-07, 4.91002008582652e-07, -3.6826237171452556e-06], [-0.001080888970127023, -0.0014651919099126825, 1.0]]"
PXL_20260520_074601205.jpg,PXL_20260520_074607117.jpg,1817,2258,1817,317,211,0.6656151419558359,16.13287701188468,0.6015422048809241,0.37567221188105204,0.33251653890593075,0.9638670086212047,"[[6.610820258738453e-07, -7.635611666926462e-07, 0.0020370505827295763], [1.4222366155670098e-06, 7.742724677985794e-07, -1.6537833512811388e-05], [-0.001906254853895925, -0.0015750338719811119, 0.9999999999999999]]"
PXL_20260520_074601205.jpg,PXL_20260520_074608557.jpg,1817,2357,1817,344,255,0.7412790697674418,15.058657530176879,0.4226339453897528,0.33641266446591195,0.3027494316329463,0.9937616741283856,"[[1.717741042093382e-07, -1.8778670532001477e-07, 0.0008097287374320926], [6.816400109017161e-07, 3.5352576542361527e-07, 0.00034214828493258075], [-0.0010510511546504826, -0.0011296974703404947, 1.0]]"
PXL_20260520_074601205.jpg,PXL_20260520_074609846.jpg,1817,2803,1817,289,204,0.7058823529411765,20.761465402233792,0.5621858435485545,0.3998561565299708,0.38874787630484,0.9804776075309567,"[[-6.619282168771663e-08, -2.186095561237384e-07, 0.0006127925091333759], [6.762070314723908e-07, 1.2109931051894294e-07, 0.0008417363986951293], [-0.00110973556272538, -0.0009069845607162279, 1.0]]"
PXL_20260520_074601205.jpg,PXL_20260520_074611088.jpg,1817,3063,1817,285,193,0.6771929824561403,23.38657583521828,0.4999946566545409,0.35892358085638526,0.3169133632445942,0.9729094022006011,"[[1.959265560189274e-06, 2.3296209505675414e-06, -0.004144019416320232], [-3.3249006717082666e-06, 1.7066201483040799e-06, -0.0031866014230508707], [0.0018900794171411112, -0.0005207052609291789, 1.0]]"
PXL_20260520_074601205.jpg,PXL_20260520_074612523.jpg,1817,2746,1817,264,194,0.7348484848484849,36.310575379629775,0.49394574466304864,0.3707803555254689,0.2930041073354088,0.9807198416006222,"[[4.7403115585609157e-07, -2.1419453272495394e-07, 0.0010617548004943937], [4.2508180746921785e-07, 1.800935554443748e-07, -0.00022891575995131504], [-0.0014532042717951, -0.0006841894971084483, 1.0]]"
PXL_20260520_074601205.jpg,PXL_20260520_074613937.jpg,1817,2600,1817,241,170,0.7053941908713693,16.04232524733591,0.6095189241977405,0.39447854793645515,0.3464805625257104,0.9646935171310135,"[[4.551657220667042e-07, -2.7054523299794686e-07, 0.0031658171134264232], [5.643325974756673e-07, 7.070929891236517e-09, 0.0018494193506332424], [-0.0038490831713182284, -0.0022946613458904824, 1.0]]"
PXL_20260520_074602213.jpg,PXL_20260520_074603125.jpg,1929,1594,1929,607,456,0.7512355848434926,4.194721730365446,0.3908392880076381,0.321420752292646,0.28461034508763416,0.9453667104605428,"[[-5.009726535655058e-07, -1.6377032522867106e-06, 0.001989051884428284], [1.9006919259708201e-06, -2.0046991004719677e-07, 0.0038795576751714947], [-0.0026412242880163896, -0.003309013196778531, 0.9999999999999999]]"
PXL_20260520_074602213.jpg,PXL_20260520_074604117.jpg,1929,1858,1929,488,357,0.7315573770491803,3.330385974551932,0.4529572105306908,0.34041455192519676,0.2836406309487218,0.980233875852653,"[[-9.048219880166515e-07, -1.5951297489132812e-06, 0.0017972388923146732], [1.7944107825027315e-06, -2.533428422442731e-07, 0.0025660534936833746], [-0.0020411969015233294, -0.0018960745361868885, 1.0]]"
PXL_20260520_074602213.jpg,PXL_20260520_074605051.jpg,1929,1826,1929,417,308,0.7386091127098321,6.823126013877234,0.4769656582533447,0.36909717676250986,0.323919177256753,0.9951943981033565,"[[-2.2087861413022256e-07, -2.740848433623408e-07, -5.4993665085307764e-05], [3.422220763788297e-07, 1.1812515472159766e-07, 0.0009183026179352704], [-0.0006106124574571963, -0.0011815811398543353, 1.0]]"
PXL_20260520_074602213.jpg,PXL_20260520_074605977.jpg,1929,1912,1929,409,317,0.7750611246943765,6.675158490345709,0.36825575488318046,0.3066037984460886,0.2545354255227325,0.9230649563248648,"[[5.005831238762809e-07, -8.788193168457353e-08, 0.0010133023875652889], [5.316576370492258e-07, 5.569876897235842e-07, -0.00018826557902307313], [-0.00102104467208926, -0.0013980431664873767, 1.0]]"
PXL_20260520_074602213.jpg,PXL_20260520_074607117.jpg,1929,2258,1929,352,266,0.7556818181818182,6.857385702975109,0.4231392592433177,0.3457472271093694,0.3147282757608716,0.9748742214877879,"[[4.836207629970871e-07, -3.5945778574384943e-07, 0.0012892359957291963], [8.835808877857408e-07, 5.87053618339332e-07, 0.00017922293326333015], [-0.0012226429280936966, -0.00152560014398742, 1.0]]"
PXL_20260520_074602213.jpg,PXL_20260520_074608557.jpg,1929,2357,1929,414,294,0.7101449275362319,10.111810651409868,0.49634747032074317,0.3598392516282588,0.28442279564455475,0.9934558986475005,"[[4.218284448629068e-08, 4.0919448825723734e-07, -0.0001030703790762696], [-1.920927719491441e-07, 1.438530649218816e-07, 0.0006588301928624861], [-0.00033042328532260966, -0.0011644341502876504, 1.0]]"
PXL_20260520_074602213.jpg,PXL_20260520_074609846.jpg,1929,2803,1929,325,220,0.676923076923077,22.328412793981176,0.5723296682460445,0.38650427156532613,0.3694279423287504,0.963676703218281,"[[-3.0458292996094874e-07, -8.361051015506313e-07, 0.0016207790479106068], [1.5366568903567827e-06, 9.169751944982808e-08, 0.0009749346970414582], [-0.0015087941801487192, -0.000972548062374478, 1.0]]"
PXL_20260520_074602213.jpg,PXL_20260520_074611088.jpg,1929,3063,1929,338,257,0.7603550295857988,13.502113144846092,0.4259221519923925,0.35649496220448695,0.31786156403327565,0.9962998878224366,"[[-1.7462674842810123e-07, -2.546120035753077e-07, 0.000568497651227638], [6.366287870359139e-07, 7.745751105491441e-08, 0.0010283635218693412], [-0.0011411239973368814, -0.0009189270755284234, 1.0]]"
PXL_20260520_074602213.jpg,PXL_20260520_074612523.jpg,1929,2746,1929,294,213,0.7244897959183674,25.142604540116526,0.5246497713665208,0.3716915465243377,0.3166945797256296,0.9999097186667948,"[[2.436242920985213e-07, 3.0289967579096247e-07, 0.0008049066228650112], [-6.194157931588481e-08, -2.576746615572164e-08, 0.0002815149863611381], [-0.0011327140523827298, -0.0009084337792976618, 1.0]]"
PXL_20260520_074602213.jpg,PXL_20260520_074613937.jpg,1929,2600,1929,258,185,0.7170542635658915,20.90509200858389,0.5091605273724439,0.36915364754537666,0.32098895517135123,0.9965122865650582,"[[4.4540372782405466e-07, -4.1760252796317174e-07, 0.0029434950589715624], [6.181871884603788e-07, -1.66848280474451e-08, 0.0016328523869242023], [-0.0033393501454561927, -0.002163927055830742, 1.0]]"
PXL_20260520_074603125.jpg,PXL_20260520_074604117.jpg,1594,1858,1594,653,576,0.8820826952526799,3.2169435740312977,0.336577115831625,0.33177825761219576,0.27812262191587844,0.9603657301603036,"[[-5.120116080995483e-06, -2.245020707389199e-05, 0.022045397783809637], [2.23215411773086e-05, -1.2069313407988126e-06, 0.01699111033840905], [-0.019916428278679274, -0.01308028672031873, 0.9999999999999999]]"
PXL_20260520_074603125.jpg,PXL_20260520_074605051.jpg,1594,1826,1594,526,392,0.7452471482889734,2.592422175700052,0.6153725698069171,0.4595168246567177,0.42770069978108005,0.9909921220958464,"[[7.304121551674074e-06, 1.522772922636136e-05, -0.01398619677197448], [-1.598285498316745e-05, 4.256804451748954e-06, -0.011258106764649892], [0.01173338625778981, 0.0033962729920064025, 1.0]]"
PXL_20260520_074603125.jpg,PXL_20260520_074605977.jpg,1594,1912,1594,535,420,0.7850467289719626,6.925019964651124,0.45425588605332434,0.39038566763460897,0.36001040616952573,0.9966341805715435,"[[-3.80010829612191e-05, 3.143485086898937e-05, 0.014858472077493754], [-2.6279174364931477e-05, -3.0884016335092985e-05, 0.06217993029996245], [0.041049869462265486, -0.05124313470192748, 1.0]]"
PXL_20260520_074603125.jpg,PXL_20260520_074607117.jpg,1594,2258,1594,494,374,0.757085020242915,4.646227574940122,0.49939324115363715,0.38666032972791964,0.36398365366007845,0.9819021506537875,"[[1.9347956270807083e-06, -1.672409976582999e-06, 0.003338781936157569], [2.281312599601127e-06, 2.1231490279926258e-06, -0.00019719476545101083], [-0.002680672897173392, -0.0032558843337837052, 0.9999999999999999]]"
PXL_20260520_074603125.jpg,PXL_20260520_074608557.jpg,1594,2357,1594,542,464,0.8560885608856088,3.0630008461567173,0.35736979729549234,0.3491976518626286,0.29343640939552984,0.9934370652464183,"[[1.4011354253964403e-06, -2.319061948969775e-06, 0.0037241131801673526], [3.1185648116526347e-06, 1.601271015607517e-06, -0.0004427083134259457], [-0.0033040572708071705, -0.0021077587336267188, 0.9999999999999999]]"
PXL_20260520_074603125.jpg,PXL_20260520_074609846.jpg,1594,2803,1594,446,316,0.7085201793721974,8.494603701601934,0.5355756172423083,0.4057232493133853,0.3865832225113477,0.9981274971597617,"[[3.100907971810674e-08, -1.5813271428998774e-06, 0.0028528666572870337], [2.4042966893664326e-06, 3.3930600040248886e-07, 0.001511807225179861], [-0.002627078170455099, -0.0018548848782055276, 1.0]]"
PXL_20260520_074603125.jpg,PXL_20260520_074611088.jpg,1594,3063,1594,430,369,0.858139534883721,2.003088934468555,0.31565587012546475,0.3283924180065058,0.27217084838046474,0.9980777780036717,"[[-1.6254426169176138e-07, -8.657732839437325e-07, 0.0018672427923001889], [1.4195678139499614e-06, -1.2188284757340465e-07, 0.002407310016430416], [-0.002399770327410804, -0.001875180986367875, 1.0]]"
PXL_20260520_074603125.jpg,PXL_20260520_074612523.jpg,1594,2746,1594,362,271,0.7486187845303868,9.974712360891521,0.46883221646694306,0.3777799182187774,0.336379396213307,0.9992094584685439,"[[3.401236815143922e-07, -2.5041895962081664e-08, 0.0010951061309907922], [7.984808818344009e-08, 8.442909085268991e-08, -0.00014507178678438326], [-0.0011390748104753842, -0.000964256128962048, 1.0]]"
PXL_20260520_074603125.jpg,PXL_20260520_074613937.jpg,1594,2600,1594,309,209,0.6763754045307443,13.325611826752285,0.691965708394788,0.41885502788887125,0.4087724071118994,0.9982441418420074,"[[1.3814888511096905e-06, -1.9154499803357582e-05, -0.0858137531870664], [2.277416725042115e-05, 2.292435498548094e-05, -0.09543007065990962], [0.047471428456178896, 0.09911029173114991, 1.0]]"
PXL_20260520_074604117.jpg,PXL_20260520_074605051.jpg,1858,1826,1858,842,705,0.83729216152019,2.5217301969902,0.3940423863142192,0.3597700696723876,0.32014258485604047,0.9988097536394315,"[[5.409092884787428e-07, 2.617792511950161e-06, -0.0038291605184994195], [-2.6223623613978372e-06, 5.835703861836474e-07, 0.0024940986399362678], [0.002854618972429908, -0.003704083602233894, 1.0]]"
PXL_20260520_074604117.jpg,PXL_20260520_074605977.jpg,1858,1912,1858,822,675,0.8211678832116789,6.8325800258296505,0.3099950646087891,0.29937184780462,0.23580763755932735,0.9851239176959757,"[[2.402499556154573e-06, -9.043273117660732e-07, 0.0005633869190793352], [9.9431615292386e-07, 2.3700583683446236e-06, -0.0016310939086700011], [-0.0019037115539591147, -0.001412660106066641, 1.0]]"
PXL_20260520_074604117.jpg,PXL_20260520_074607117.jpg,1858,2258,1858,757,685,0.904887714663144,3.6910063315455197,0.2750316859920846,0.2959520150841065,0.25201998108545026,0.9801005715806129,"[[1.0705720196793236e-06, -9.12624344286777e-07, -0.0017083838238814847], [7.249402217631287e-07, 1.1817925523254192e-06, -0.0041652747169578395], [-0.0022724666945748754, 0.0035083795284133936, 1.0]]"
PXL_20260520_074604117.jpg,PXL_20260520_074608557.jpg,1858,2357,1858,789,634,0.8035487959442332,5.494441978751773,0.4533724262882727,0.38095920294136204,0.3354786109150376,0.9965336357660093,"[[-7.444710071877314e-08, 6.04777007589965e-07, 0.001976062650834753], [-1.0833441964082798e-07, -7.273952651497432e-10, 0.00352061745423318], [8.086249202562158e-05, -0.004952924259788849, 1.0]]"
PXL_20260520_074604117.jpg,PXL_20260520_074609846.jpg,1858,2803,1858,613,484,0.7895595432300163,14.9030363894976,0.43616302169661214,0.3697486541511523,0.3181350140634136,0.9973754150456925,"[[4.86144862893999e-05, -0.0001915512557801579, 0.2827862023137222], [0.0002252179231386375, 2.970188358526878e-05, -0.0025802692319523437], [-0.24751276569308872, -0.0313596011263147, 1.0]]"
PXL_20260520_074604117.jpg,PXL_20260520_074611088.jpg,1858,3063,1858,608,485,0.7976973684210527,7.377675899900221,0.4374726660430823,0.37161852477931084,0.31983932716497443,0.9785872627433418,"[[2.2145638663746762e-07, 1.476836790368297e-06, -0.0008016298987006744], [-1.377023272996469e-06, 1.571625614754416e-07, 0.0013323092104522826], [-0.00026773514411626114, -0.001864352752378519, 1.0]]"
PXL_20260520_074604117.jpg,PXL_20260520_074612523.jpg,1858,2746,1858,504,329,0.6527777777777778,27.358968167482764,0.6306381584147052,0.4214111229791752,0.40100510124102273,0.9957931606273125,"[[4.4283132090097097e-07, -2.0507227062385535e-07, 0.0006297472853981534], [3.2617072309966946e-08, 2.607903662203774e-07, -0.0005905520079895122], [-0.0008802828345641763, -0.0005677544803373807, 1.0]]"
PXL_20260520_074604117.jpg,PXL_20260520_074613937.jpg,1858,2600,1858,382,253,0.662303664921466,16.635485645737155,0.6258204626303886,0.42202534105954354,0.39484928474504993,0.9932706998710139,"[[5.836358891297255e-07, 9.733598494826334e-08, 0.023117562965191053], [-4.207748755251748e-06, -5.261724560176622e-06, 0.011528906549548268], [-0.011976935040194321, -0.014162813789269717, 1.0]]"
PXL_20260520_074605051.jpg,PXL_20260520_074605977.jpg,1826,1912,1826,847,764,0.9020070838252656,2.0631878786559796,0.21841282528101708,0.23821935845667297,0.18883741098975199,0.998832397265864,"[[1.0105424256443612e-06, -1.7241416025910327e-07, -0.0004587457142532562], [1.886985505712021e-07, 1.0101574358519707e-06, -0.0014200639899105525], [-0.0013655150845500556, -6.39410853951315e-05, 0.9999999999999999]]"
PXL_20260520_074605051.jpg,PXL_20260520_074607117.jpg,1826,2258,1826,829,722,0.8709288299155609,2.4598777669212066,0.22533538123763988,0.2418836838621344,0.1846782711694211,0.9798729427513244,"[[1.4388682617595114e-06, -6.671277213938488e-07, -0.0003935877411713485], [6.80090556264373e-07, 1.430978775403107e-06, -0.0020006195074046516], [-0.001870105317277476, 0.0003969993819279913, 1.0]]"
PXL_20260520_074605051.jpg,PXL_20260520_074608557.jpg,1826,2357,1826,770,680,0.8831168831168831,5.0230554992768,0.3522592647854703,0.35250011131231496,0.3060690543550617,0.9858972783635235,"[[1.9272210893450275e-06, -1.6732782852418572e-06, 0.0016010012023585794], [1.7049199000507146e-06, 1.8335629652945488e-06, -0.0031650461769502118], [-0.0035645829336602287, 0.0002296429908450816, 1.0]]"
PXL_20260520_074605051.jpg,PXL_20260520_074609846.jpg,1826,2803,1826,656,491,0.7484756097560976,12.862787477826913,0.5090524804271304,0.39922345757027705,0.34975422072579,0.9938556550918267,"[[-1.3391574233288748e-05, 2.9783237776570124e-05, -0.044204830008661794], [-3.277103390529307e-05, -1.127869481359546e-05, 0.01915060883162136], [0.044904064958858056, -0.0025517203787693322, 1.0]]"
PXL_20260520_074605051.jpg,PXL_20260520_074611088.jpg,1826,3063,1826,637,471,0.7394034536891679,6.525378972511657,0.4940449653500174,0.37523197808879244,0.3406580243496374,0.9984923339581627,"[[-3.9960330893933745e-08, 2.4149062144880526e-06, 0.00047490185331095517], [-2.300030920417129e-06, -2.507189089365478e-07, 0.002501367358472386], [-0.001402010963393749, -0.0030952268805980935, 1.0]]"
PXL_20260520_074605051.jpg,PXL_20260520_074612523.jpg,1826,2746,1826,499,362,0.7254509018036072,20.799094807136992,0.4173663681755094,0.3230621087133752,0.28142914219848936,0.9923287293998891,"[[-1.8304123712586797e-07, 9.095905889414954e-08, 0.0007830634182383606], [-3.057189734007199e-07, -3.1370620538581326e-07, -0.00041051647496984393], [-0.0007244481462254151, -0.00020881976206634499, 1.0]]"
PXL_20260520_074605051.jpg,PXL_20260520_074613937.jpg,1826,2600,1826,387,281,0.7260981912144703,15.558206552873678,0.5726159323800749,0.4246398261154388,0.4014413093776018,0.9964711700497041,"[[2.24598402166273e-07, -2.367168224702729e-07, 0.0028475178171216867], [-3.481082862547207e-07, -3.213679576764104e-07, 0.00021782961654181858], [-0.0017595976207488428, -0.0016094115375138202, 1.0]]"
PXL_20260520_074605977.jpg,PXL_20260520_074607117.jpg,1912,2258,1912,895,825,0.9217877094972067,1.79682319413331,0.30604197607702244,0.3168622014074315,0.2726318640571371,0.9878063943767268,"[[1.0352262606108272e-06, 4.0315468881607e-06, -0.007233110624049397], [-3.8859260266842464e-06, 1.2026677599271303e-06, -0.0017466021104684914], [0.0065956057683237415, -0.0009307454359870867, 1.0]]"
PXL_20260520_074605977.jpg,PXL_20260520_074608557.jpg,1912,2357,1912,777,662,0.851994851994852,3.879126157504102,0.31833396708158895,0.31486725312773095,0.2653249713911169,0.9851310640654763,"[[1.0403001278341408e-06, 1.6470961257886064e-06, -0.0018051636028382273], [-1.5843242367624485e-06, 1.0379552858630442e-06, 0.0012493989952161552], [-9.065452350443128e-05, -0.0021361842632169497, 1.0]]"
PXL_20260520_074605977.jpg,PXL_20260520_074609846.jpg,1912,2803,1912,656,464,0.7073170731707317,8.391257414605027,0.5896937791162888,0.42406201056662807,0.40533677019658876,0.9848447669108579,"[[5.546458303212876e-07, 4.674191321783516e-07, -0.0016200946049541342], [-3.5397771759377986e-07, 6.5460652672792e-07, -0.00011636809678800656], [0.00036552795364544266, -0.0014048139330461158, 1.0]]"
PXL_20260520_074605977.jpg,PXL_20260520_074611088.jpg,1912,3063,1912,634,486,0.7665615141955836,4.194622734093887,0.4216649068936622,0.36066124093349716,0.30936331789102656,0.9918680586368549,"[[4.637974194178498e-07, 3.279684240715755e-07, -0.0015072061007732037], [-1.4294500804022397e-07, 5.681656096223355e-07, -0.0006180843093965912], [0.0005303453720439524, -0.0013085589768991681, 1.0]]"
PXL_20260520_074605977.jpg,PXL_20260520_074612523.jpg,1912,2746,1912,506,321,0.6343873517786561,24.610652719375018,0.6273965923572133,0.37150205029724764,0.302002443039148,0.9888912231944316,"[[9.07459205183928e-07, 4.438860482698316e-06, 0.001880054009292675], [-5.226051939950955e-06, 1.7624798593808065e-06, -0.0008177994892943612], [0.0008232726657154549, 0.0021006581463607044, 1.0]]"
PXL_20260520_074605977.jpg,PXL_20260520_074613937.jpg,1912,2600,1912,409,268,0.6552567237163814,21.685494325143697,0.6916152987753522,0.4332334066573198,0.40884816902134824,0.9951534468854104,"[[-8.929075787345566e-07, -1.347238582185281e-06, -0.0883271061613317], [2.0550693056574934e-05, -1.8844323458960433e-05, 0.01139678131500321], [0.05029321089707007, -0.04678040944948633, 1.0]]"
PXL_20260520_074607117.jpg,PXL_20260520_074608557.jpg,2258,2357,2258,934,771,0.8254817987152034,5.441587192955213,0.2508853344750455,0.2551244730433665,0.1954659361466362,0.9947361170113618,"[[5.137853690671737e-07, 1.7782013429910516e-06, -0.0019551423606592724], [-1.6316647675868985e-06, 6.085348133845632e-07, 0.00290153047179828], [0.0004495668459813495, -0.0035710285224820706, 1.0]]"
PXL_20260520_074607117.jpg,PXL_20260520_074609846.jpg,2258,2803,2258,762,518,0.6797900262467191,10.079888600428548,0.6789943196646298,0.46532030568245425,0.44291114695349443,0.9991548756130374,"[[6.096131900762486e-07, 7.292532092675684e-07, -0.001929728528448734], [-6.724228559343722e-07, 7.129753726412505e-07, 0.00038776529072520393], [0.00051881193142118, -0.0016825389986599487, 1.0]]"
PXL_20260520_074607117.jpg,PXL_20260520_074611088.jpg,2258,3063,2258,770,544,0.7064935064935065,7.336144480896447,0.5802695031699969,0.41138095815068637,0.3630879826399449,0.993970558404865,"[[-2.5216926340187403e-07, 1.3690561298105658e-07, -0.0022191314527750645], [6.705561218319127e-08, -9.184789579143535e-08, -0.0006611342509421233], [0.0020001582623828183, -0.0018215370227284452, 1.0]]"
PXL_20260520_074607117.jpg,PXL_20260520_074612523.jpg,2258,2746,2258,589,399,0.6774193548387096,20.212100662680957,0.5716686298028062,0.38159409526533855,0.3462201480219452,0.98936546097366,"[[6.25875590203972e-08, -2.1257374370858118e-07, 0.0006693927456840395], [2.6166060366525116e-08, 1.7264249417143143e-07, -0.0010556873121648426], [-0.0008131481786242069, 0.0008630428261022626, 1.0]]"
PXL_20260520_074607117.jpg,PXL_20260520_074613937.jpg,2258,2600,2258,427,299,0.7002341920374707,27.903223740903876,0.567737543653904,0.3863541287000088,0.33959255068352073,0.9957012714620258,"[[-3.389689635080786e-07, -1.255741103653013e-06, 0.0027431337574058425], [7.723804041858738e-07, -1.820116363219455e-08, -0.0012984766388892612], [-0.002412748209890326, 0.001833964918414161, 1.0]]"
PXL_20260520_074608557.jpg,PXL_20260520_074609846.jpg,2357,2803,2357,1007,810,0.8043694141012909,4.641793466170371,0.3801097033644819,0.3397331122925332,0.2820113548823819,0.9850132099995785,"[[-8.072895508159179e-08, 1.0920844649245268e-06, -0.012459918912751573], [-7.756856217140809e-07, 5.706864935736828e-07, -0.005565964952667856], [0.01376348234904449, -0.0016285087302515225, 1.0]]"
PXL_20260520_074608557.jpg,PXL_20260520_074611088.jpg,2357,3063,2357,964,708,0.7344398340248963,5.871266780892573,0.4656850318685055,0.35518770081865797,0.3035034227388014,0.9850589192198258,"[[-3.2115802224804794e-05, -2.699389337874399e-05, -0.07817233448209093], [4.104281268497722e-05, -2.522443211293622e-05, -0.10177887518845014], [0.14144653067474244, 0.017232593599528397, 1.0]]"
PXL_20260520_074608557.jpg,PXL_20260520_074612523.jpg,2357,2746,2357,681,487,0.7151248164464024,10.793270280868967,0.4519935385644091,0.35428922877493685,0.3150379358297008,0.9996007133651776,"[[-4.710401477380084e-07, 7.879664539352691e-07, 0.0015550060471935267], [-1.154974504445778e-06, -1.5920422694145277e-07, -0.00043557005691118364], [-0.0006648420985545193, 0.000524027991696623, 1.0]]"
PXL_20260520_074608557.jpg,PXL_20260520_074613937.jpg,2357,2600,2357,519,380,0.7321772639691715,22.38433081454011,0.5089046396717731,0.3885281083681409,0.3347547110254556,0.9878291201630504,"[[3.2078769699614114e-07, -1.6180272410375444e-06, -0.001506845654488935], [2.0987215507912308e-06, 1.2055549349206116e-07, -0.0016336129428494806], [-0.00045093052206677116, 0.0008189158046817841, 0.9999999999999999]]"
PXL_20260520_074609846.jpg,PXL_20260520_074611088.jpg,2803,3063,2803,1415,1256,0.8876325088339223,3.5705009576469426,0.3671386470623522,0.3573530069930972,0.32282359540434014,0.9927127471616842,"[[-9.589503758707079e-07, -3.6422753042813475e-06, -0.0095071224874348], [4.568890145690804e-06, -1.0409683182871816e-06, -0.0021021533253340174], [0.009744771294410159, -9.215742940705502e-05, 1.0]]"
PXL_20260520_074609846.jpg,PXL_20260520_074612523.jpg,2803,2746,2803,1030,770,0.7475728155339806,9.901905943126163,0.5019295670466758,0.3938179322266855,0.3697641906342559,0.9824774896141482,"[[-1.6379073825420374e-07, 8.904179345473066e-08, 0.00048101512832881665], [-1.8308053034329977e-07, -7.393655564866484e-08, -0.0006572498828187716], [-0.0006567508992480274, 0.0002222082526784107, 1.0]]"
PXL_20260520_074609846.jpg,PXL_20260520_074613937.jpg,2803,2600,2803,676,503,0.7440828402366864,23.484443676616745,0.49175450649321806,0.3746309165450075,0.3311751151693666,0.9824921685198335,"[[4.85120019431361e-07, -2.853657520814953e-07, -0.00205732681537636], [7.94911008635556e-07, 6.568072148438322e-07, -0.0012864675860850547], [0.00018600078267181302, 0.0008554241301575421, 0.9999999999999999]]"
PXL_20260520_074611088.jpg,PXL_20260520_074612523.jpg,3063,2746,3063,1154,851,0.7374350086655113,9.277858008962305,0.5775548273413194,0.4391638493117299,0.422223398319542,0.9982699148909161,"[[2.033601282310079e-07, -9.645145456170746e-08, 9.790446406748403e-05], [6.586945436805252e-08, 2.0340727788536438e-07, -0.0006787963463217165], [-0.0007307581391022584, -9.985128007889634e-05, 1.0]]"
PXL_20260520_074611088.jpg,PXL_20260520_074613937.jpg,3063,2600,3063,736,532,0.7228260869565217,12.355564771360742,0.5344835178249073,0.3881696087494845,0.3517726360394975,0.9662271782060706,"[[2.168416973191802e-06, -2.617714405895002e-06, 0.002466798438932535], [2.092219943140942e-06, 1.5806843301274328e-06, -0.00025259656351248494], [-0.004043643530323098, -0.0038532923642702077, 1.0]]"
PXL_20260520_074612523.jpg,PXL_20260520_074613937.jpg,2746,2600,2746,710,530,0.7464788732394366,10.423283101121399,0.49763475210996655,0.388197846678848,0.33919943465248337,0.9990523368169353,"[[-8.982224602981153e-07, -3.2706459795374997e-06, 0.0002462561884095639], [5.304970632105642e-06, -6.636652472011512e-07, -0.01770708887940681], [0.004029361256399923, 0.01725929509606901, 1.0]]"
